ID," USUARIO"," EMAIL", " DATE_LAST_LOGIN"
1,Pablo,dfd@gmail.com, 29/10/2025
2,martin,prueba@gmail.com, 29/10/2025
3,Christian,christian@gmail.com, 29/10/2025
4,Pablo,dfd@gmail.com, 29/10/2025
5,martin,prueba@gmail.com, 29/10/2025
6,Christian,christian@gmail.com, 29/10/2025
7,Pablo,dfd@gmail.com, 29/10/2025
8,martin,prueba@gmail.com, 29/10/2025
9,Christian,christian@gmail.com, 29/10/2025
10,Pablo,dfd@gmail.com, 29/10/2025
11,martin,prueba@gmail.com, 29/10/2025
12,Christian,christian@gmail.com, 29/10/2025
